[
  {
    "name": "33",
    "dose": "333",
    "time": "01:10",
    "id": "2025-11-19T02:01:34.654642",
    "taken_today": true,
    "taken_at": "2025-12-07T13:28:19.031819",
    "taken_date": "2025-12-07"
  },
  {
    "name": "анальгин",
    "dose": "2",
    "time": "08:00",
    "id": "2025-11-19T08:50:50.543914",
    "taken_today": true,
    "taken_at": "2025-12-07T13:28:33.115921",
    "taken_date": "2025-12-07"
  },
  {
    "name": "нк",
    "dose": "апр",
    "time": "08:00",
    "id": "2025-12-06T01:13:27.476381",
    "taken_today": true,
    "taken_at": "2025-12-07T13:28:42.047375",
    "taken_date": "2025-12-07"
  }
]